corrida,t_s,x_m,y_m,yaw_grados,sigma_xy_m
p4r_03,0.2,24.396,1.269,179.7,0.123
p4r_03,15.0,24.379,1.234,180.0,0.133
p4r_03,26.9,24.079,1.228,-179.5,0.190
p4r_03,27.7,23.792,1.237,176.8,0.241
p4r_03,28.8,23.531,1.271,171.5,0.266
p4r_03,30.0,23.239,1.338,167.1,0.328
p4r_03,34.1,22.882,1.471,162.6,0.397
p4r_03,34.8,22.567,1.572,165.5,0.438
p4r_03,35.4,22.274,1.632,167.9,0.450
p4r_03,36.5,21.974,1.686,169.9,0.465
p4r_03,38.1,21.709,1.740,171.8,0.478
p4r_03,42.3,21.421,1.791,174.1,0.490
p4r_03,43.9,21.174,1.805,179.6,0.493
p4r_03,44.4,20.901,1.780,-174.7,0.494
p4r_03,44.9,20.633,1.732,-171.8,0.515
p4r_03,45.5,20.356,1.702,-172.9,0.530
p4r_03,46.3,20.043,1.667,-175.8,0.537
p4r_03,47.4,19.741,1.649,177.4,0.554
p4r_03,48.3,19.479,1.671,172.3,0.543
p4r_03,49.2,19.211,1.691,169.1,0.583
p4r_03,50.0,18.954,1.734,165.5,0.598
p4r_03,50.8,18.699,1.800,161.4,0.597
p4d_01,8.5,24.953,1.438,116.3,1.563
p4d_01,17.4,24.452,1.193,-179.7,0.133
p4d_01,18.7,24.451,1.193,-179.8,0.144
p4d_01,21.8,24.190,1.179,-179.4,0.188
p4d_01,22.4,23.882,1.160,178.8,0.230
p4d_01,22.8,23.601,1.154,176.7,0.263
p4d_01,23.2,23.275,1.163,173.9,0.324
p4d_01,23.6,22.950,1.213,167.9,0.374
p4d_01,24.0,22.598,1.286,162.6,0.450
p4d_01,24.4,22.238,1.432,157.1,0.479
p4d_01,24.9,21.842,1.589,162.3,0.540
p4d_01,25.1,21.530,1.652,170.8,0.550
p4d_01,25.4,21.243,1.680,176.3,0.533
p4d_01,25.7,20.937,1.709,174.0,0.533
p4d_01,25.9,20.629,1.757,170.7,0.539
p4d_01,26.1,20.355,1.798,171.2,0.529
p4d_01,26.4,20.067,1.844,177.0,0.526
p4d_01,26.7,19.699,1.824,-173.9,0.576
p4d_01,26.9,19.352,1.748,-170.5,0.607
p4d_01,27.3,19.043,1.680,-173.4,0.628
p4d_01,27.5,18.763,1.654,-177.8,0.610
p4d_01,27.8,18.472,1.637,178.0,0.615
p4d_01,28.0,18.199,1.645,174.2,0.608
p4d_01,28.3,17.870,1.684,170.8,0.581
p4d_01,28.6,17.536,1.749,166.7,0.578
p4d_01,28.9,17.237,1.816,165.2,0.586
p4d_01,29.1,16.916,1.889,170.0,0.597
p4d_01,29.4,16.579,1.877,-178.4,0.617
p4d_01,29.7,16.216,1.797,-168.4,0.660
p4d_01,29.9,15.900,1.707,-166.9,0.685
p4d_01,30.2,15.550,1.610,-171.1,0.722
